{
  "run_id": "baseline_1778523002_4dbddf",
  "config": "baseline",
  "git_sha": "aeba91e",
  "timestamp": 1778523002,
  "metrics": {
    "P@5": 0.23000000000000007,
    "P@10": 0.22999999999999998,
    "P@15": 0.22666666666666674,
    "P@20": 0.2125,
    "R@5": 0.040488380156933,
    "R@10": 0.07435101425572369,
    "R@15": 0.11639186663959436,
    "R@20": 0.14579205490933245,
    "MRR": 0.40659090909090906,
    "BLEU": 0.0015224987837971471,
    "ROUGE-L": 0.06657729316281098,
    "grounding": 0.9785714285714284,
    "escalation_rate": 0.0,
    "CER": 1.0,
    "n": 20,
    "latency_p50_ms": 10886.423350006226,
    "latency_p95_ms": 33819.30833002116
  },
  "n_queries": 20
}